3.4545,2.7853,1.9714,2.0003,2.0258,1.6965,1.898,1.7288,2.128,2.2784,2.2216,1.6904,1.8573,2.1718,0.9611,1.961,1.3962,1.8921,0.906,2.0327,1.669,1.4026,1.8887,1.8729,1.673,1.188,1.2842,0.9298,1.126,0.969,0.7475,1.0886,1.0803
3.1039,2.4455,2.7933,2.1673,1.8588,1.2257,1.4227,2.0307,2.0124,2.2062,2.0497,2.117,1.9002,1.5397,1.2201,1.029,0.606,0.9799,1.0901,1.3757,1.6928,1.8304,1.7032,1.8084,1.5083,1.4449,0.7842,0.5018,0.9963,1.1333,1.528,0.814,0.7374
3.1565,2.6522,1.9955,2.0832,2.1319,2.1188,1.3764,1.5199,1.7165,2.2968,1.8682,2.3967,1.7331,1.4707,0.31,0.2027,-0.7233,0.1733,0.2234,1.3252,1.5026,2.0983,1.5409,1.8862,1.2612,0.9656,0.7122,1.3701,1.286,1.0645,0.7189,1.0241,0.8098
0.8612,1.6314,2.08,1.8026,1.6713,1.9234,1.9709,1.7183,1.7088,1.5518,1.7328,2.1036,1.7556,2.0495,1.419,1.4452,1.4626,1.4058,1.3147,1.8676,1.5432,1.8139,1.3943,1.1454,1.2462,1.1579,1.3234,1.1806,0.7752,0.7676,0.844,0.0394,-2.2861
2.665,1.9884,2.5552,2.0225,2.1541,1.8489,1.3393,2.1571,1.7828,2.3032,1.9736,2.1684,1.5894,2.1817,1.4143,1.9704,0.8042,1.9027,1.326,2.0409,1.3681,1.8901,1.6518,1.8915,1.3231,1.6245,0.6688,1.1037,1.2974,0.9793,1.3271,0.4106,0.3171
3.0756,2.5289,2.7326,2.234,2.1857,2.2008,2.3495,2.4795,2.1494,2.0955,2.2199,1.8686,1.5519,1.2061,1.6962,1.238,1.3335,1.1697,1.5931,1.0356,1.335,1.6156,1.8873,1.6964,1.6864,1.9251,1.7029,1.4502,1.3333,1.2315,1.4581,0.9252,0.72
0.9027,2.5235,2.9188,2.5242,2.2309,2.4489,2.1896,2.1407,2.3187,2.2281,1.834,1.9237,1.6854,2.1429,1.9127,2.0311,1.5389,1.9689,1.8028,2.0045,1.4472,1.6636,1.4988,1.819,1.8233,1.6041,1.5572,1.7018,1.3733,1.4835,1.69,0.9578,-1.1031
1.3961,2.9597,3.3489,3.2423,2.7912,2.4638,2.4354,2.448,2.2764,1.1806,2.0366,2.0332,1.5332,1.9112,1.0264,2.0076,1.8446,1.9387,0.9331,1.749,1.3227,1.7362,1.6898,0.7666,1.7983,1.8813,1.7801,1.7163,1.8976,2.1977,2.1146,1.3595,0.012
2.4461,2.4424,2.8325,2.9458,2.4554,2.59,2.4042,2.3649,2.0878,0.9722,2.0665,1.8672,2.3812,2.1531,1.8193,1.1272,2.3064,1.0589,1.722,2.0171,2.1404,1.62,1.7237,0.5621,1.6256,1.7899,1.7399,1.8443,1.5882,1.9333,1.606,0.8281,0.1726
3.5324,3.1475,3.3189,3.0693,2.9436,2.8077,2.5518,2.6695,2.0527,2.4736,2.5852,2.4176,2.1959,2.3944,1.8387,2.0505,1.7987,2.0057,1.7384,2.1962,2.0146,2.123,2.2525,2.075,1.5688,2.1128,1.9127,2.0587,2.0884,2.0446,2.0894,1.4775,1.1539
3.4091,2.8163,3.1087,1.6989,2.1057,1.863,2.0471,1.7198,2.0536,1.383,1.9775,1.7577,1.0604,1.978,1.7282,1.2577,1.6231,1.1803,1.6408,1.797,0.875,1.4721,1.6496,0.9793,1.5675,1.173,1.3809,1.1059,1.2474,0.6313,1.8267,1.1753,1.0342
2.2164,2.2929,2.7493,2.0227,0.6171,0.9513,1.7377,1.478,2.2348,2.0839,1.005,1.8406,2.0085,2.2718,2.0436,2.0684,0.018,2.0286,1.9215,2.1127,1.7661,1.5881,0.6508,1.6848,1.7671,0.9568,1.0917,0.2022,-0.196,0.9509,1.4722,0.7116,-0.083
3.5951,3.1725,2.8882,2.6236,2.6751,2.7956,2.6897,2.2235,2.4537,2.2132,2.0964,2.1394,2.0246,1.6382,2.3955,2.4165,2.0575,2.3633,2.2615,1.4377,1.7791,1.8592,1.7527,1.8111,1.9888,1.689,2.0521,2.0503,1.8033,1.6364,1.6559,1.5368,1.2886
3.18,2.9613,2.5054,2.6216,2.4557,2.3891,2.2249,2.4415,2.4235,2.1379,2.0075,1.0636,2.0573,2.008,1.7897,1.5294,-0.1377,1.468,1.6926,1.814,1.818,0.7661,1.6676,1.7331,1.9376,1.871,1.6131,1.647,1.5868,1.629,1.266,1.3621,0.9004
3.5602,2.8008,2.9571,1.8953,2.0501,1.8345,2.173,2.0288,2.292,2.015,1.4384,1.3417,1.5611,1.0269,2.0544,1.6141,0.4149,1.5463,1.9412,0.893,1.3397,1.0525,1.0926,1.6026,1.8086,1.4414,1.5352,1.0883,1.1555,0.8557,1.7187,1.0999,1.2183
3.0238,2.0512,3.0772,2.5091,2.3511,1.7452,2.3117,2.0162,2.1826,2.1609,1.7546,0.6574,2.0993,2.322,2.4942,2.3914,0.6768,2.3196,2.4085,2.1524,1.872,0.3972,1.4159,1.7556,1.7169,1.4284,1.6789,1,1.4502,1.4623,1.8133,0.4116,0.6935
3.8071,4.4478,4.6898,4.6676,4.4739,4.2971,4.0519,3.7267,3.6029,4.0276,4.1435,4.044,4.0763,4.1335,4.1302,3.8699,2.6747,3.7989,4.0247,3.9774,3.8945,3.7685,3.8139,3.6265,3.1503,3.188,3.4113,3.5492,3.6105,3.6224,3.444,2.8643,1.6946
5.0427,5.0556,4.7006,4.4,4.0071,3.7202,4.2788,4.1139,4.3802,4.3849,4.2982,4.0534,3.8036,3.2419,3.5975,3.0335,3.2201,2.9633,3.5123,3.0985,3.5856,3.7824,3.9521,3.9831,3.9202,3.5774,3.6126,2.9821,3.1552,3.3613,3.4489,3.4428,2.7726
5.2889,5.3854,5.183,4.6964,4.437,4.1501,4.3766,4.4333,4.2251,4.3464,4.2212,3.8662,3.709,3.1277,4.2693,3.9867,3.9643,3.9422,4.1365,2.9382,3.5247,3.5797,3.8922,3.9486,3.7256,3.9066,3.733,3.3988,3.584,3.6625,3.9488,3.7492,2.8544
5.6131,5.7696,5.6879,5.162,4.9743,4.8482,3.9979,4.7433,4.6375,4.4817,4.2115,4.089,3.9313,3.6893,4.223,4.0414,4.0191,3.9918,4.093,3.5517,3.6868,3.826,3.8876,4.07,4.1321,4.1992,3.3358,4.0972,4.0698,4.1236,4.4262,4.1462,3.2835
5.2132,5.4014,5.817,4.8599,4.6504,4.8441,5.1692,4.3159,3.6974,4.4751,4.7584,4.3415,3.9713,4.323,4.2611,4.0122,3.9717,3.9648,4.1293,4.1525,3.7428,4.0543,4.4191,4.0721,3.2194,3.7325,4.5258,4.107,3.7518,3.8239,4.5733,3.8189,2.9329
4.2214,5.4523,5.4815,4.8711,4.7505,4.7573,3.8401,4.1089,4.163,4.3127,4.2854,4.1454,4.0776,4.3074,3.8953,3.8526,3.8258,3.7846,3.7613,4.1315,3.8957,3.8957,3.9376,3.9164,3.6783,3.567,3.2058,4.0074,3.899,3.8618,4.2537,3.8795,2.234
5.0856,5.3156,5.3702,5.2299,4.6725,5.0352,4.7766,3.928,4.084,3.7954,4.2088,4.0378,3.7244,4.3193,4.3022,4.0185,3.9401,3.9693,4.19,4.1519,3.5377,3.7602,3.8851,3.3883,3.6166,3.3538,4.1284,4.289,3.8012,4.2195,4.0908,3.7169,2.7964
5.5436,5.2309,4.9109,4.2302,4.0533,4.9101,4.1822,3.8169,3.6736,3.6771,3.704,3.2057,2.6982,3.1044,3.5292,2.8254,2.0235,2.7985,3.3945,2.932,2.4756,2.932,3.3756,3.2702,3.203,3.2506,3.5428,4.1659,3.2008,3.202,3.6511,3.5967,3.187
5.6317,5.5282,4.9609,5.0594,4.8728,4.7418,4.4512,4.1756,4.0041,3.8926,3.7392,3.3393,3.4758,3.1765,3.0221,3.0294,3.0355,2.9677,2.9128,2.9944,3.2416,3.0813,3.4053,3.4773,3.5442,3.6145,3.8252,3.9926,4.0035,4.0171,3.6999,3.9257,3.3116
4.8217,4.4348,5.3448,4.0426,4.6605,4.3846,4.4259,4.1678,4.101,3.9719,4.0532,3.9732,3.9468,3.8539,3.7788,3.871,3.8241,3.8023,3.6721,3.6722,3.7131,3.6853,3.7109,3.5744,3.6324,3.6149,3.7922,3.6434,3.7673,2.9368,4.0788,2.8088,2.6885
4.8759,5.5326,5.2251,5.0439,4.8838,4.3721,4.3397,4.3095,4.1793,4.1149,4.121,4.0402,4.0111,3.9813,3.946,3.8698,3.8484,3.8011,3.8453,3.8295,3.7987,3.7639,3.7894,3.7064,3.6865,3.7376,3.6828,3.6184,4.0134,3.9951,3.9838,3.9399,2.3017
4.791,5.3511,5.0342,4.6568,4.7205,4.4163,3.7667,4.0563,3.562,3.6171,3.2299,3.3542,3.3714,3.1628,3.2964,3.1586,3.2337,3.1007,3.1992,2.9766,3.1732,3.1018,2.8885,3.2165,3.0901,3.5292,3.1557,3.6654,3.8694,3.6094,3.7572,3.7391,2.4528
5.5217,5.2741,4.6796,4.0052,4.0399,2.7196,2.9539,3.4397,3.0136,2.7738,2.7994,2.4256,2.2614,2.4982,2.6978,2.5285,2.5698,2.4871,2.5717,2.3737,2.0889,2.1503,2.4658,2.3794,2.5457,2.8864,2.3713,2.0246,3.1882,2.9691,3.4171,3.6455,3.193
5.5936,5.4172,5.0282,5.0478,4.668,4.6282,4.4899,4.241,4.1998,4.0884,4.0179,3.9113,3.8597,3.8233,3.8027,3.7756,3.7336,3.7135,3.6831,3.6504,3.6232,3.6166,3.6775,3.6834,3.7026,3.6634,3.8706,3.8823,3.7782,4.0061,3.7721,3.7893,3.3064
4.766,5.1863,3.9576,4.2818,4.0604,3.817,3.3606,3.9464,3.6773,3.4756,3.4288,3.5289,3.2892,3.3069,3.2671,3.2585,3.173,3.2112,3.1771,3.168,3.0836,3.2337,3.1008,3.0642,3.2113,3.3818,2.7742,3.0888,3.2079,3.2304,2.8127,3.5947,2.593
4.9171,4.9177,4.7528,4.4638,4.1374,4.0684,3.8424,3.8166,3.9293,3.7579,3.7688,3.6159,3.6602,3.6179,3.5709,3.5732,3.5568,3.5329,3.4703,3.4708,3.4559,3.3306,3.4382,3.3511,3.4503,3.2586,3.1951,3.3209,3.2619,3.4674,3.5258,3.3158,2.6177
5.4545,5.2006,4.8803,4.6643,4.4657,4.269,4.19,3.9132,3.6812,3.3759,3.3379,3.2006,3.1873,3.1218,3.1596,3.1732,3.0609,3.1266,3.0334,2.9329,2.9475,2.9141,3.004,2.9659,3.2143,3.3283,3.5502,3.519,3.601,3.6137,3.6336,3.597,3.1761
4.7018,4.9533,4.6941,4.4071,4.1261,4.4295,4.2902,3.9812,3.9211,3.9693,3.9366,3.8396,3.7965,3.7569,3.6861,3.6694,3.6526,3.6186,3.5936,3.6013,3.5812,3.5611,3.5928,3.5706,3.438,3.4309,3.6314,3.6823,3.2656,3.3976,3.4773,3.312,2.5764
4.5142,5.1456,4.2127,4.7238,4.3815,4.229,4.2813,4.0703,3.9171,3.8642,3.8934,3.8138,3.7483,3.6897,3.6833,3.6745,3.6309,3.6232,3.5893,3.5526,3.5495,3.5457,3.5455,3.4509,3.4313,3.5419,3.6185,3.4794,3.5327,3.6845,2.9044,3.5566,2.4361
5.281,5.3066,5.0904,5.0519,4.8949,4.6833,4.4128,4.0075,3.6813,3.8972,3.846,3.7173,3.6547,3.6244,3.6783,3.6615,3.5988,3.6114,3.5812,3.48,3.4484,3.4611,3.5191,3.4878,3.2167,3.4644,3.769,3.9347,4.0221,4.0076,3.8545,3.6842,3.0422
4.8794,4.6891,5.0697,4.2785,4.3305,4.322,4.1672,3.6945,3.8959,3.8104,3.9298,3.8247,3.7555,3.7267,3.7704,3.6572,3.638,3.6078,3.6621,3.5799,3.5544,3.5525,3.5849,3.4006,3.3956,3.1667,3.5421,3.5695,3.4688,3.2602,3.8322,3.0577,2.6825
4.8929,4.7488,3.819,4.3593,4.0587,4.3029,3.5546,3.8655,3.593,3.5841,3.5401,3.4409,3.4565,3.4025,3.3538,3.4092,3.3651,3.3468,3.254,3.2417,3.2298,3.1724,3.193,3.1852,3.1368,3.2868,2.9009,3.5537,3.2034,3.3172,2.6152,3.1653,2.6412
5.4751,5.1963,4.9662,4.8255,4.6151,4.3901,4.2804,4.1243,3.9786,3.8018,3.45,3.2619,3.156,2.6554,2.7043,2.5055,1.1422,2.46,2.5751,2.4913,2.9127,2.9769,3.118,3.3878,3.5231,3.5776,3.6153,3.6426,3.713,3.8104,3.7005,3.5866,3.1683
4.3093,5.0439,4.9448,4.745,4.4266,4.1701,3.9857,3.4202,3.5114,3.7817,3.5952,3.5494,3.5539,3.5,3.3362,3.3556,3.2969,3.3051,3.2403,3.3081,3.3149,3.2575,3.2513,3.3768,3.0012,2.8685,3.3377,3.41,3.5712,3.7042,3.6875,3.4312,2.149
5.0744,4.403,4.1524,4.1088,2.99,3.259,2.8401,1.5185,2.8277,3.0752,2.5519,2.7886,2.439,2.0669,2.4002,2.3557,2.239,2.292,2.2848,1.9478,2.1961,2.4922,2.223,2.6644,2.398,1.2713,2.152,2.4884,2.1089,3.1247,2.926,2.7343,2.6944
4.0844,4.7274,3.8225,3.7676,3.2089,3.2657,3.5525,3.2767,3.1547,2.9247,3.1404,3.1612,3.0885,2.9725,2.8851,2.7232,2.8124,2.6563,2.7951,2.8271,2.8593,2.8667,2.7935,2.5201,2.6588,2.7408,2.8945,2.5197,2.3516,2.7586,2.5426,3.14,1.4784
5.0797,4.8181,4.6693,4.3794,4.2894,3.9704,3.9876,3.9256,3.8795,3.8529,3.6845,3.6754,3.6284,3.6073,3.5973,3.5426,3.5335,3.4927,3.5122,3.4554,3.4135,3.4012,3.3469,3.4402,3.3766,3.3502,3.3348,3.2236,3.4,3.3432,3.4112,3.214,2.7723
4.4442,5.111,4.8926,4.3066,4.0535,4.153,3.9655,3.8618,3.7572,3.7041,3.6805,3.6161,3.5704,3.5338,3.5578,3.4875,3.4561,3.4191,3.4488,3.3445,3.3348,3.3292,3.3388,3.3058,3.2815,3.2866,3.309,3.4057,3.1974,3.2557,3.6386,3.5301,1.8462
3.7339,4.8644,4.5506,3.9485,3.0491,3.2063,3.0398,2.4643,2.8812,1.7737,0.437,2.0178,2.1679,2.4218,2.1683,1.8867,1.2054,1.8481,2.0748,2.2316,1.9658,1.7029,0.4947,1.33,2.4298,1.9356,2.4055,2.4722,2.1624,2.913,3.2911,3.2622,1.9845
5.0153,4.8759,4.2751,3.3432,3.6316,2.8279,3.591,2.9756,2.9938,3.0311,2.9233,2.8559,2.7911,2.4516,2.5456,2.626,2.4261,2.5693,2.4485,2.2918,2.5562,2.5687,2.5779,2.6193,2.5213,2.4403,2.9347,2.0699,2.7756,2.3717,3.005,3.2486,2.5575
3.9103,4.7137,4.447,4.1196,4.0574,3.6946,3.7821,3.2701,3.2683,3.3301,3.168,3.1546,2.9569,3.044,2.975,2.976,2.9772,2.9286,2.8759,2.8792,2.7732,2.8581,2.8209,2.9312,2.806,2.7373,3.1567,2.9491,3.2004,3.1001,3.2147,3.1239,1.8754
5.2821,5.0921,4.9389,4.6187,4.4106,4.3291,4.4095,4.1767,4.0652,4.0122,3.9646,3.9353,3.9186,3.8873,3.8287,3.7691,3.7344,3.7076,3.7012,3.6899,3.6802,3.6465,3.6221,3.6104,3.6023,3.6166,3.766,3.5822,3.5556,3.5715,3.6801,3.4871,2.9323
4.2761,5.198,5.3316,4.9102,4.1719,3.4993,3.7097,3.7834,3.4866,3.2596,3.4327,3.4053,3.5018,3.2532,3.2459,3.2177,3.1836,3.1749,3.1592,3.1096,3.2607,3.1512,3.1033,2.8579,2.986,3.2289,3.0853,2.7494,3.2889,3.8963,4.0602,3.6198,1.8946
4.2924,4.2629,5.1753,3.8965,4.387,3.8232,2.9273,3.1035,3.5306,3.0436,2.9552,2.8625,3.1823,2.7535,2.5689,2.7711,2.8015,2.6979,2.4761,2.5671,2.9447,2.5756,2.6249,2.6351,3.0263,2.516,2.2546,3.0823,3.5375,2.8004,3.9423,2.485,2.2356
4.8125,4.8023,5.0803,4.526,4.0923,4.117,3.8973,3.5286,3.5289,3.0321,2.9379,3.0875,3.2246,2.9603,2.9168,2.8111,2.788,2.7719,2.8216,2.8183,3.0005,2.8127,2.6082,2.629,3.0338,2.9479,3.233,3.3722,3.2317,3.5054,3.8406,3.2173,2.5478
4.2543,4.6214,4.3341,4.4732,4.2341,3.6878,3.6902,2.9591,2.9783,3.4833,3.2249,3.1483,3.182,2.91,2.9619,2.6619,2.8436,2.5982,2.8651,2.7744,2.9418,2.8541,2.8812,3.0765,2.5059,2.4412,3.0628,2.954,3.3262,3.4761,3.1014,2.9865,2.0745
5.2261,5.1022,4.937,4.5396,4.2007,4.0018,4.1306,3.7446,3.8221,3.7925,3.7146,3.6715,3.6725,3.6319,3.5762,3.5516,3.4933,3.5085,3.4787,3.4905,3.4721,3.3969,3.3819,3.3827,3.3282,3.2018,3.5151,3.266,3.3124,3.5222,3.6787,3.519,2.9128
4.1517,5.1584,5.0143,4.7818,4.5384,3.5671,3.2898,3.345,3.1592,2.8936,2.1282,2.5781,2.3303,2.1447,2.4812,2.563,2.1394,2.5177,2.4003,2.0091,2.1003,2.3254,1.7663,2.4883,2.6668,2.8133,2.652,2.8136,3.6576,3.7498,3.729,3.571,1.1096
3.8579,4.7268,4.4681,3.2216,3.8943,3.2266,3.8081,3.1762,2.6835,2.8742,2.5556,2.1107,1.6812,2.0442,2.047,1.8664,1.5278,1.8141,1.9316,1.8607,1.4415,1.8268,2.2133,2.4749,2.1903,2.6017,3.1734,2.4967,2.9968,2.1844,3.2235,3.1495,1.8208
3.0058,4.5981,4.5786,4.3146,4.2626,3.8023,3.7825,3.3061,3.486,3.356,3.3295,3.3824,3.1929,3.2679,3.2242,3.2224,3.2401,3.1796,3.1402,3.1315,2.9563,3.1334,2.997,2.9486,2.9878,2.7705,3.1604,3.0491,3.362,3.2785,3.3209,2.9561,1.56
4.9894,4.9316,4.3432,3.9179,3.9994,3.4951,3.3894,2.9047,2.9354,2.7191,2.4769,2.5745,2.1331,2.4696,2.2065,2.4988,2.1763,2.4542,2.12,2.3138,1.9153,2.3161,2.1364,2.3042,2.4703,2.344,2.7799,2.7455,3.1486,2.8986,3.1192,3.2953,2.5493
4.4136,4.6556,3.5632,3.9115,3.9024,3.7741,3.1842,3.3305,2.8057,2.896,2.942,2.9035,2.8529,2.9699,2.7392,2.7162,2.7737,2.6488,2.6068,2.8241,2.6269,2.6228,2.6044,2.4867,2.301,2.7992,2.5207,3.0212,3.0011,2.8509,2.3787,3.0238,2.2607
4.4658,4.6835,4.0628,4.1853,3.9019,3.5334,3.4809,3.6054,3.4746,3.2864,3.3031,3.2909,3.2472,3.2086,3.1714,3.1721,3.139,3.1252,3.0538,3.0458,3.0293,3.015,2.9579,2.8846,2.9725,3.058,2.8272,2.7858,2.9963,3.1698,2.8449,3.078,2.1894
5.0706,4.7049,4.6009,4.4295,4.2221,4.2388,3.9318,3.8195,3.7887,3.6208,3.5352,3.5191,3.4499,3.3503,3.2891,3.2516,3.2143,3.2052,3.1932,3.2033,3.2251,3.2201,3.1883,3.2199,3.3053,3.2561,3.2724,3.494,3.3225,3.4107,3.3276,3.0857,2.7513
4.5937,4.611,4.7457,4.4261,4.0033,3.7512,3.9292,3.8287,3.6408,3.5825,3.5795,3.5438,3.4309,3.3652,3.3083,3.3032,3.2912,3.2522,3.2133,3.2143,3.2121,3.251,3.2363,3.1843,3.1794,3.2615,3.2728,3.0124,3.1484,3.3975,3.5243,2.9887,2.29
4.0023,4.3607,3.8327,3.2194,3.5684,3.5641,3.6464,3.1577,3.0844,2.9555,2.9612,2.8411,2.7791,2.8056,2.7001,2.8544,2.8153,2.8114,2.5728,2.6279,2.5378,2.5564,2.6274,2.5571,2.5892,2.5675,2.9993,2.8224,2.7018,2.1957,2.5588,2.7779,1.817
3.6322,4.1529,4.0496,3.6291,3.5636,3.5357,3.5376,3.283,3.1838,3.1692,3.1639,3.0507,3.014,2.8812,2.9199,2.8875,2.78,2.8398,2.8235,2.7389,2.8099,2.7888,2.8172,2.7732,2.7071,2.7503,2.875,2.7869,2.6913,2.5794,2.8188,2.5408,1.1948
3.7823,3.9826,3.9524,3.5226,3.4781,3.1504,2.6339,2.459,2.9352,2.655,2.5476,2.2208,2.3301,2.3997,2.3092,2.1972,2.103,2.1522,2.1882,2.2028,2.1045,1.9657,2.2002,2.2438,2.4717,1.8937,2.0193,2.3999,2.5802,2.4657,2.7057,2.4046,1.5808
2.9482,3.2872,3.7773,3.2367,3.3998,2.5999,2.5092,2.539,2.1891,2.4149,2.1163,2.3785,2.4037,2.1967,2.3716,2.1436,2.1696,2.0946,2.2386,2.0587,2.1613,2.0858,1.7814,2.0151,1.7225,2.009,1.854,1.8563,2.5252,2.193,2.5314,1.7125,0.6127
4.0702,3.7679,3.7013,3.2132,3.0737,2.9076,2.4844,2.3403,2.3494,2.2025,1.9189,1.9973,1.7769,1.4119,1.3512,1.7955,1.9823,1.7448,1.266,1.2765,1.568,1.705,1.5942,1.8056,1.8529,1.7734,1.8258,2.1578,2.1891,2.1684,2.4658,2.1475,1.7396
2.8613,3.4892,3.9964,3.5161,2.9269,2.9262,2.2811,2.3901,2.8089,2.2022,2.0301,2.4252,2.6004,2.2853,2.4217,2.2323,2.4338,2.1824,2.3032,2.1227,2.4102,2.1321,1.6806,1.8044,2.3312,1.8068,1.6585,2.1775,2.0599,2.4555,2.7739,1.9007,0.6751
2.1724,2.7479,2.7319,2.7128,2.5338,2.8337,3.2829,3.5829,3.381,2.5789,2.5909,3.1386,2.5681,2.2382,2.5692,2.8238,2.5192,2.7839,2.4768,2.0915,2.3823,2.8422,2.2649,2.183,2.9055,3.0219,2.6412,2.0908,1.6817,1.6877,1.4504,1.1308,0.1338
3.8146,3.5832,1.959,2.4289,3.3033,3.329,2.1604,3.0501,2.5617,3.2079,3.0765,2.7855,2.6051,3.3984,3.1885,2.5832,2.5649,2.5377,3.081,3.2393,2.4157,2.4859,2.7513,2.8096,2.0973,2.4925,1.5719,2.5745,2.4508,1.3537,0.8609,1.9459,1.4357
3.5943,3.8295,4.0452,3.6863,3.7971,3.5928,3.4493,3.5679,3.0097,3.427,3.1311,3.2791,3.1112,2.8074,3.1201,2.2835,2.5848,2.2178,2.987,2.6298,2.8737,3.0013,2.7876,3.0179,2.5342,2.9978,2.8107,2.8425,2.9214,2.6704,2.8127,2.2156,1.3207
3.112,3.4891,3.757,3.2397,3.3097,3.1029,3.613,3.4326,3.0003,3.1138,2.7986,2.9158,2.7576,2.9191,3.0396,2.5625,2.4131,2.5202,2.9269,2.782,2.5198,2.6432,2.448,2.6971,2.5275,2.8704,2.9624,2.3542,2.4541,2.2119,2.5137,1.8593,0.9939
3.2772,3.6819,2.0325,3.2845,3.0954,3.1866,3.4422,2.9888,3.0003,3.0078,3.2322,2.1983,2.9337,3.2721,2.7744,2.1795,2.0711,2.1296,2.6378,3.1365,2.7471,1.954,2.8922,2.5944,2.5294,2.4504,2.8032,2.4408,2.1944,2.264,0.7148,2.0832,1.1712
3.9038,2.566,3.4333,3.4596,3.5722,3.8842,3.5998,3.1748,3.2863,3.3922,3.6074,2.3468,2.9541,3.0748,2.8044,2.438,2.2271,2.3989,2.6876,2.9037,2.7719,2.0747,3.2659,2.9861,2.8181,2.6056,2.9382,3.1401,2.7089,2.4321,2.1847,0.9365,1.5459
4.2931,4.1192,3.439,3.6152,3.0143,2.9465,3.3081,2.9759,2.9832,3.3072,2.7974,2.8787,2.4056,2.5943,2.1698,1.8999,1.894,1.8384,2.0724,2.4496,2.1602,2.5937,2.4506,2.9072,2.5153,2.4414,2.6741,2.206,2.1425,2.5765,2.1871,2.5029,1.967
4.2706,4.2202,3.9153,3.5718,3.3051,3.1368,2.6411,3.1837,2.8853,3.2359,3.1445,3.1961,3.1507,2.7052,2.5659,2.9083,2.9026,2.8607,2.4717,2.5379,2.9055,2.9115,2.7967,2.8375,2.4255,2.6089,2.0041,2.3893,2.4383,2.5318,2.6418,2.6239,1.9479
2.0368,4.3209,3.7527,3.5678,2.665,2.955,3.1559,2.9969,2.5975,3.3288,2.4686,2.7146,2.9397,3.3227,2.8468,2.6634,3.152,2.5995,2.7548,3.183,2.7618,2.4381,2.1347,2.9312,2.1402,2.4512,2.4898,2.2082,1.8088,2.5225,2.4909,2.7352,0.5474
3.4329,3.5686,2.7941,3.7591,3.1134,2.4576,3.1932,2.7847,2.3525,3.2602,2.8648,2.835,3.4011,3.7793,3.1661,3.0265,3.3505,2.9551,3.0348,3.6163,3.1957,2.5509,2.5195,2.8617,1.8466,2.1982,2.5368,1.6977,2.1911,2.7579,1.5281,1.9269,0.752
3.317,3.2341,3.6004,3.979,3.0387,3.2579,3.1321,2.6929,2.2279,2.7146,3.0865,3.0104,2.6821,3.5525,3.7904,3.6232,3.353,3.5773,3.6777,3.3755,2.4655,2.7642,2.7629,2.3064,1.7704,2.1293,2.4678,2.5128,2.1372,2.9382,2.3918,1.6435,0.9719
3.3419,3.0074,3.7678,3.76,3.0653,3.2075,2.6283,2.7409,1.704,3.1115,2.5317,2.8493,3.5138,3.99,4.4361,3.9773,3.9679,3.9327,4.3442,3.8453,3.2679,2.5581,2.1975,2.6939,1.2323,2.1734,2.0105,2.4663,2.1768,2.7531,2.5287,1.4366,1.0657
2.6038,2.9438,3.3086,3.4729,2.629,2.5575,2.7434,2.4583,2.6985,3.0294,2.3742,2.2064,2.9958,3.7036,3.6964,3.6161,3.5134,3.5707,3.6022,3.5632,2.8028,1.9493,2.0284,2.6198,2.2018,1.8895,2.0913,1.812,1.7417,2.445,2.0703,1.3472,-0.0368
3.9218,3.437,3.5079,3.2004,3.3502,3.3769,3.1228,2.7784,2.5088,3.575,2.9248,2.9594,3.1797,3.6247,3.8271,2.7453,2.2937,2.6887,3.6993,3.4823,2.9386,2.6979,2.5703,3.1773,2.0367,2.1902,2.4604,2.625,2.4884,2.1516,2.219,1.7863,1.515
3.3775,3.3606,3.5477,3.2623,3.1602,2.7792,3.324,3.4606,3.1855,2.7612,2.5187,2.7186,3.3291,3.0354,2.7989,2.4098,2.1128,2.3487,2.6833,2.8708,3.1474,2.4393,2.1709,2.3481,2.7066,2.8914,2.7065,2.023,2.2711,2.2313,2.2917,1.7622,1.0199
3.3049,3.2098,3.2994,2.5622,2.784,2.8238,2.9469,3.0625,2.0871,1.929,2.8213,2.5395,2.9145,2.7772,2.9194,1.7666,1.382,1.7098,2.8222,2.5829,2.7114,2.2597,2.4795,1.5147,1.6179,2.4991,2.3302,2.0792,1.8965,1.5841,2.0641,1.6345,0.9761
2.4088,3.0255,3.0183,2.9065,2.0337,2.3874,2.8286,2.411,2.7653,2.7751,2.5561,2.0815,2.428,2.1812,2.6005,2.3397,2.4238,2.2726,2.5023,2.041,2.1887,1.7878,2.2104,2.3667,2.2641,1.8237,2.1776,1.6349,1.1347,1.8705,1.7773,1.4242,0.2635
3.1207,3.0209,2.8104,2.9611,2.7633,2.3943,2.3626,2.0275,2.5862,2.6577,2.4557,1.7724,2.3621,2.6717,2.3064,1.9521,1.8799,1.8855,2.1854,2.506,2.1293,1.489,2.1097,2.2479,2.1227,1.4391,1.7084,1.6506,1.8526,1.9622,1.5346,1.4362,0.8058
3.6678,2.5021,2.9786,2.8348,2.7234,2.9572,2.8544,2.4128,2.3115,1.8854,2.7353,2.5514,2.6122,2.4279,2.2677,2.1359,1.687,2.0875,2.1606,2.2481,2.418,2.2755,2.4039,1.4804,1.8175,1.8276,2.1944,2.2119,1.8211,1.8015,1.7362,0.7198,1.3479
3.8453,3.2121,3.018,2.7574,2.7448,2.199,2.4614,2.7262,2.5966,2.3941,1.8929,2.069,1.5967,2.0377,2.4796,1.9101,2.0723,1.8498,2.3968,1.8491,1.3625,1.7805,1.5601,1.9755,2.1265,2.1576,1.8112,1.4656,1.8496,1.7105,1.761,1.5425,1.4643
3.8635,3.4396,2.1492,2.1439,2.3394,2.6091,2.0644,2.2643,2.1912,1.0574,2.4561,2.1046,1.715,1.7937,2.1953,1.6913,1.8069,1.6524,2.1025,1.6594,1.4919,1.8154,2.1149,0.6656,1.7296,1.7168,1.4032,1.8659,1.4407,1.1033,0.9324,1.7903,1.497
3.5771,3.045,2.1476,2.6011,2.1457,2.6612,2.2144,2.0723,2.3336,2.5437,2.6008,2.4866,2.3237,2.1838,2.4007,2.1122,1.8745,2.0664,2.2679,2.0451,2.0999,2.1989,2.2688,2.1416,1.8389,1.5051,1.588,1.9136,1.2969,1.5868,0.9366,1.4039,1.2776
2.9283,2.8833,3.1442,3.1492,2.9507,2.6348,2.0225,2.6906,2.5273,1.2383,2.2905,2.2757,0.8607,1.976,1.9484,2.188,2.0333,2.1423,1.8259,1.7964,0.6425,2.0241,1.9614,0.7959,2.0625,2.1288,1.3661,1.883,2.0921,2.1039,1.8712,1.3053,0.5813
2.5859,2.7445,2.4016,2.4981,1.924,1.9462,1.8922,2.2311,1.4858,1.8032,0.9859,1.7433,1.6991,1.9724,1.9549,1.3151,1.9374,1.2754,1.8258,1.798,1.4614,1.4548,0.6422,1.399,1.0207,1.6923,1.282,1.1943,1.0371,1.4667,1.1131,1.1193,0.3538
1.8185,2.8596,2.9064,2.4615,2.825,3.0065,2.7824,2.2528,1.8633,1.5115,2.0905,1.7642,1.6861,2.0834,1.907,2.0407,1.4583,1.986,1.793,1.9191,1.4481,1.481,1.7484,1.1149,1.3962,1.7084,2.1162,2.2618,1.9611,1.4045,1.6807,1.278,-0.5937
3.22,2.441,2.7378,2.5588,2.5806,3.3009,3.2706,2.2622,2.416,2.6017,2.8138,2.3817,2.2449,2.1904,1.2969,1.722,2.0684,1.684,1.1693,2.0525,2.0495,2.089,2.4704,2.1948,1.9209,1.7046,2.621,2.5563,1.7256,1.5368,1.4565,0.8295,0.8711
4.2916,4.0566,3.4309,3.2074,2.6948,3.1639,3.2845,2.6583,1.9438,2.3738,2.211,2.402,2.4718,2.2341,2.2278,2.4096,2.1024,2.3501,2.1343,2.0822,2.2444,2.1086,1.8815,1.9758,1.4271,2.096,2.6393,2.42,1.7795,2.1745,2.1829,2.4547,2.0263
3.4494,5.0211,4.3574,4.077,3.9269,4.0139,3.6682,3.4114,3.5321,3.2815,3.3104,3.2083,3.1936,3.2098,3.0374,3.0959,2.9781,3.0288,2.9273,3.0464,2.9577,2.9244,2.9734,2.8795,3.0381,2.8575,3.0275,3.2661,3.0487,3.0655,3.1005,3.3886,1.9345
4.4268,4.675,4.5025,4.2024,4.0536,3.9184,3.8264,3.8034,3.6931,3.5288,3.5259,3.4887,3.5018,3.4569,3.2924,3.3188,3.3441,3.275,3.1962,3.282,3.2614,3.2011,3.1789,3.1243,3.2291,3.2443,3.1841,3.1714,3.1969,3.1789,3.2793,3.0537,2.2769
5.1403,4.6954,4.6927,4.3638,4.2542,4.0291,4.0543,3.8447,3.5048,3.2565,3.225,3.2639,3.2394,3.1846,3.2264,3.1679,3.0984,3.1177,3.1426,3.0099,3.0198,2.9824,2.8836,2.8555,2.9911,3.2729,3.4191,3.2796,3.3546,3.3284,3.4451,3.076,2.8207
4.8397,4.7781,4.8188,4.5882,4.3238,4.3493,4.203,3.7018,3.8212,3.6911,3.6798,3.6372,3.6703,3.583,3.4625,3.5002,3.4324,3.4314,3.3337,3.4186,3.4691,3.3557,3.3378,3.2979,3.3258,3.1723,3.5577,3.6036,3.459,3.5584,3.5897,3.1874,2.5309
4.347,5.127,4.8314,4.2777,4.1489,4.0324,3.7665,3.6169,3.9846,3.574,3.5145,3.4591,3.4658,3.3748,3.4807,3.3603,3.2923,3.3072,3.3494,3.2223,3.2356,3.1833,3.1677,3.1764,3.5291,3.0825,3.1457,3.2864,3.276,3.2293,3.5888,3.5423,1.5054
